﻿[
  {
    "Id": 1,
    "Name": "Dirt",
    "TexturePath": "Textures/Blocks/Dirt.png",
    "DragCoefficient": 600,
    "Hardness": 0.5,
    "IsCollidable": true,
    "IsTransparent": false,
    "ItemIdDrop": 1,
    "ItemDropAmount": 1,
    "LightLevel": 0,
    "BreakingSounds": ["Dig1", "Dig2", "Dig3"]
  },
  {
    "Id": 2,
    "Name": "Stone",
    "TexturePath": "Textures/Blocks/Stone.png",
    "DragCoefficient": 750,
    "Hardness": 1.5,
    "IsCollidable": true,
    "IsTransparent": false,
    "ItemIdDrop": 2,
    "ItemDropAmount": 1,
    "LightLevel": 0,
    "BreakingSounds": ["Tink1", "Tink2", "Tink3"]
  }
]