﻿[
  {
    "Id": 1,
    "Name": "Dirt Block",
    "Tooltip": "",
    "IconPath": "Textures/Items/DirtBlock.png",
    "MaxStack": 100,
    "Type": "Placeable",
    "Properties": {
      "BlockId": 1
    }
  },
  {
    "Id": 2,
    "Name": "Stone Block",
    "Tooltip": "",
    "IconPath": "Textures/Items/StoneBlock.png",
    "MaxStack": 100,
    "Type": "Placeable",
    "Properties": {
      "BlockId": 2
    }
  },
  {
    "Id": 3,
    "Name": "Iron Sword",
    "Tooltip": "Test tooltip",
    "IconPath": "Textures/Items/IronSword.png",
    "MaxStack": 1,
    "Type": "WeaponMelee"
  },
  {
    "Id": 4,
    "Name": "Apple",
    "Tooltip": "daklfjadlfk",
    "IconPath": "Textures/Items/Apple.png",
    "MaxStack": 20,
    "Type": "Consumable"
  },
  {
    "Id": 5,
    "Name": "Water Block",
    "Tooltip": "",
    "IconPath": "Textures/Blocks/WaterLiquid.png",
    "MaxStack": 100,
    "Type": "Placeable",
    "Properties": {
      "BlockId": 3
    }  
  },
  {
    "Id": 6,
    "Name": "Candy Block",
    "Tooltip": "",
    "IconPath": "Textures/Items/CandyBlock.png",
    "MaxStack": 100,
    "Type": "Placeable",
    "Properties": {
      "BlockId": 4
    }  
  },
  {
    "Id": 7,
    "Name": "Sign",
    "Tooltip": "",
    "IconPath": "Textures/Items/SignBlock.png",
    "MaxStack": 100,
    "Type": "Placeable",
    "Properties": {
      "BlockId": 5
    }
  }
]