﻿[
  {
    "Id": 1,
    "Name": "Dirt Block",
    "Tooltip": "",
    "IconPath": "Textures/Items/DirtBlock.png",
    "MaxStack": 100,
    "Type": "Placeable",
    "Properties": {
      "BlockId": 1
    }
  },
  {
    "Id": 2,
    "Name": "Stone Block",
    "Tooltip": "",
    "IconPath": "Textures/Items/StoneBlock.png",
    "MaxStack": 100,
    "Type": "Placeable",
    "Properties": {
      "BlockId": 2
    }
  },
  {
    "Id": 3,
    "Name": "Iron Sword",
    "Tooltip": "Test tooltip",
    "IconPath": "Textures/Items/IronSword.png",
    "MaxStack": 1,
    "Type": "WeaponMelee"
  },
  {
    "Id": 4,
    "Name": "Apple",
    "Tooltip": "daklfjadlfk",
    "IconPath": "Textures/Items/Apple.png",
    "MaxStack": 20,
    "Type": "Consumable"
  },
  {
    "Id": 5,
    "Name": "Water Bucket",
    "Tooltip": "",
    "IconPath": "Textures/Items/WaterBucket.png",
    "MaxStack": 20,
    "Type": "Placeable",
    "Properties": {
      "BlockId": 3,
      "EmptyBucketId": 8
    }  
  },
  {
    "Id": 6,
    "Name": "Candy Block",
    "Tooltip": "",
    "IconPath": "Textures/Items/CandyBlock.png",
    "MaxStack": 100,
    "Type": "Placeable",
    "Properties": {
      "BlockId": 4
    }  
  },
  {
    "Id": 7,
    "Name": "Sign",
    "Tooltip": "",
    "IconPath": "Textures/Items/SignBlock.png",
    "MaxStack": 100,
    "Type": "Placeable",
    "Properties": {
      "BlockId": 5
    }
  },
  {
    "Id": 8,
    "Name": "Empty Bucket",
    "Tooltip": "Can be filled with liquids",
    "IconPath": "Textures/Items/EmptyBucket.png",
    "MaxStack": 20,
    "Type": "Tool"
  },
  {
    "Id": 9,
    "Name": "Apple Candy Block",
    "Tooltip": "",
    "IconPath": "Textures/Items/AppleCandyBlock.png",
    "MaxStack": 100,
    "Type": "Placeable",
    "Properties": {
      "BlockId": 6
    }
  },
  {
    "Id": 10,
    "Name": "Blueberry Candy Block",
    "Tooltip": "",
    "IconPath": "Textures/Items/BlueberryCandyBlock.png",
    "MaxStack": 100,
    "Type": "Placeable",
    "Properties": {
      "BlockId": 7
    }
  },
  {
    "Id": 11,
    "Name": "Lava Bucket",
    "Tooltip": "",
    "IconPath": "Textures/Items/LavaBucket.png",
    "MaxStack": 20,
    "Type": "Placeable",
    "Properties": {
      "BlockId": 8,
      "EmptyBucketId": 8
    }
  }
]